{"@type":"d","@rid":"#86:0","@version":1,"@class":"F110_AccountIncludeExcludeClassifier","include":"\u0418\u0441\u043a\u043b","actual_end_date":"2050-12-31 00:00:00","code":"A474/5.11","actual_date":"2019-01-01 00:00:00","__createdBy":"admin","section":1,"__created":"2020-07-20 15:17:16","mask":"47441","@fieldTypes":"actual_end_date=t,actual_date=t,__created=t"}
{"@type":"d","@rid":"#86:1","@version":10,"@class":"F110_AccountIncludeExcludeClassifier","__updated":"2020-07-20 15:20:13","include":"\u0418\u0441\u043a\u043b","actual_end_date":"2050-12-31 00:00:00","__updatedBy":"admin","code":"A60302/9","actual_date":"2019-01-01 00:00:00","__createdBy":"admin","section":1,"sum":null,"__created":"2020-07-20 15:21:40","mask":"60324810100000000007","@fieldTypes":"__updated=t,actual_end_date=t,actual_date=t,__created=t"}
{"@type":"d","@rid":"#87:0","@version":2,"@class":"F110_AccountIncludeExcludeClassifier","include":"\u0412\u043a\u043b","actual_end_date":"2050-12-31 00:00:00","code":"A/5.5","actual_date":"2019-01-01 00:00:00","__createdBy":"admin","section":1,"__created":"2020-07-20 15:18:17","mask":"32116","@fieldTypes":"actual_end_date=t,actual_date=t,__created=t"}
{"@type":"d","@rid":"#87:1","@version":11,"@class":"F110_AccountIncludeExcludeClassifier","__updated":"2020-07-20 15:20:13","include":"\u0418\u0441\u043a\u043b","actual_end_date":"2050-12-31 00:00:00","__updatedBy":"admin","code":"A60302/8","actual_date":"2018-07-01 00:00:00","__createdBy":"admin","section":1,"sum":null,"__created":"2020-07-20 15:22:27","mask":"60324810100000000007","@fieldTypes":"__updated=t,actual_end_date=t,actual_date=t,__created=t"}
{"@type":"d","@rid":"#88:0","@version":3,"@class":"F110_AccountIncludeExcludeClassifier","include":"\u0418\u0441\u043a\u043b","actual_end_date":"2050-12-31 00:00:00","code":"A/5.5","actual_date":"2019-01-01 00:00:00","__createdBy":"admin","section":1,"__created":"2020-07-20 15:18:38","mask":"32117","@fieldTypes":"actual_end_date=t,actual_date=t,__created=t"}
{"@type":"d","@rid":"#89:0","@version":4,"@class":"F110_AccountIncludeExcludeClassifier","include":"\u0412\u043a\u043b","actual_end_date":"2050-12-31 00:00:00","code":"A/5.5","actual_date":"2019-01-01 00:00:00","__createdBy":"admin","section":1,"__created":"2020-07-20 15:18:58","mask":"45616","@fieldTypes":"actual_end_date=t,actual_date=t,__created=t"}
{"@type":"d","@rid":"#90:0","@version":5,"@class":"F110_AccountIncludeExcludeClassifier","include":"\u0418\u0441\u043a\u043b","actual_end_date":"2050-12-31 00:00:00","code":"A/5.5","actual_date":"2019-01-01 00:00:00","__createdBy":"admin","section":1,"__created":"2020-07-20 15:19:19","mask":"45617","@fieldTypes":"actual_end_date=t,actual_date=t,__created=t"}
{"@type":"d","@rid":"#91:0","@version":7,"@class":"F110_AccountIncludeExcludeClassifier","__updated":"2020-07-20 15:20:13","include":"\u0418\u0441\u043a\u043b","actual_end_date":"2050-12-31 00:00:00","__updatedBy":"admin","code":"A/5.5","actual_date":"2019-01-01 00:00:00","__createdBy":"admin","section":1,"sum":13.0,"__created":"2020-07-20 15:19:45","mask":"47465","@fieldTypes":"__updated=t,actual_end_date=t,actual_date=t,sum=d,__created=t"}
{"@type":"d","@rid":"#92:0","@version":9,"@class":"F110_AccountIncludeExcludeClassifier","__updated":"2020-07-20 15:21:18","include":"\u0418\u0441\u043a\u043b","actual_end_date":"2050-12-31 00:00:00","__updatedBy":"admin","code":"A60302/9","actual_date":"2019-01-01 00:00:00","__createdBy":"admin","section":1,"sum":null,"__created":"2020-07-20 15:20:38","mask":"A60302/9","@fieldTypes":"__updated=t,actual_end_date=t,actual_date=t,__created=t"}
{"@type":"d","@rid":"#93:0","@version":9,"@class":"F110_AccountIncludeExcludeClassifier","__updated":"2020-07-20 15:20:13","include":"\u0418\u0441\u043a\u043b","actual_end_date":"2050-12-31 00:00:00","__updatedBy":"admin","code":"A60302/9","actual_date":"2019-01-01 00:00:00","__createdBy":"admin","section":1,"sum":null,"__created":"2020-07-20 15:21:09","mask":"60302810500836160005","@fieldTypes":"__updated=t,actual_end_date=t,actual_date=t,__created=t"}
