{"@type":"d","@rid":"#57:0","@version":1,"@class":"PhoneType","__createdBy":"admin","name":"\u041c\u043e\u0431\u0438\u043b\u044c\u043d\u044b\u0439","__created":"2020-06-08 13:36:11","@fieldTypes":"__created=t"}
{"@type":"d","@rid":"#103:0","@version":1,"@class":"Person","firstName":"\u041e\u043b\u0435\u0433","lastName":"\u041e\u0440\u043b\u043e\u0432","__createdBy":"admin","phones":[{"@type":"d","@version":0,"@class":"Phone","phoneType":"#57:0","phoneNumber":"+79851354041","@fieldTypes":"phoneType=x"}],"bornDate":"1969-09-02 00:00:00","__created":"2020-06-08 13:36:20","@fieldTypes":"bornDate=t,__created=t"}
{"@type":"d","@rid":"#115:0","@version":1,"@class":"Person","firstName":"\u0418\u0432\u0430\u043d","lastName":"\u0418\u0432\u0430\u043d\u043e\u0432","__createdBy":"admin","__created":"2020-06-08 13:36:35","@fieldTypes":"__created=t"}
