{"@type":"d","@rid":"#25:0","@version":3,"@class":"F110_BalAccountClassifier","__updated":"2020-07-20 14:31:54","actual_end_date":"2050-12-31 00:00:00","__updatedBy":"admin","f110_code":"A102/16","actual_date":"1900-01-01 00:00:00","__createdBy":"admin","is_manually_classified":"\u0414\u0430","__created":"2020-07-20 14:30:35","ledger_account_mask":"^102","section_number":1,"@fieldTypes":"__updated=t,actual_end_date=t,actual_date=t,__created=t"}
{"@type":"d","@rid":"#26:0","@version":6,"@class":"F110_BalAccountClassifier","__updated":"2020-07-20 14:34:40","actual_end_date":"2050-12-31 00:00:00","__updatedBy":"admin","f110_code":"A10609/28","actual_date":"1900-01-01 00:00:00","__createdBy":"admin","is_manually_classified":"\u041d\u0435\u0442","sign":1,"__created":"2020-07-20 14:32:14","ledger_account_mask":"^10609","section_number":1,"@fieldTypes":"__updated=t,actual_end_date=t,actual_date=t,__created=t"}
{"@type":"d","@rid":"#27:0","@version":7,"@class":"F110_BalAccountClassifier","__updated":"2020-07-20 14:34:16","actual_end_date":"2050-12-31 00:00:00","__updatedBy":"admin","f110_code":"A10610/28","actual_date":"1900-01-01 00:00:00","__createdBy":"admin","is_manually_classified":"\u041d\u0435\u0442","sign":1,"__created":"2020-07-20 14:32:56","ledger_account_mask":"^10610","section_number":1,"@fieldTypes":"__updated=t,actual_end_date=t,actual_date=t,__created=t"}
{"@type":"d","@rid":"#28:0","@version":8,"@class":"F110_BalAccountClassifier","__updated":"2020-07-20 14:34:55","actual_end_date":"2050-12-31 00:00:00","__updatedBy":"admin","f110_code":"A/12","actual_date":"1900-01-01 00:00:00","__createdBy":"admin","sign":null,"__created":"2020-07-20 14:33:47","ledger_account_mask":"^(30601|47418)","section_number":1,"@fieldTypes":"__updated=t,actual_end_date=t,actual_date=t,__created=t"}
{"@type":"d","@rid":"#29:0","@version":9,"@class":"F110_BalAccountClassifier","__updated":"2020-07-20 14:34:55","actual_end_date":"2050-12-31 00:00:00","__updatedBy":"admin","f110_code":"A/13.1","actual_date":"1900-01-01 00:00:00","__createdBy":"admin","sign":null,"__created":"2020-07-20 14:35:35","ledger_account_mask":"^(408|421)","section_number":1,"@fieldTypes":"__updated=t,actual_end_date=t,actual_date=t,__created=t"}
{"@type":"d","@rid":"#30:0","@version":10,"@class":"F110_BalAccountClassifier","__updated":"2020-07-20 14:34:55","actual_end_date":"2050-12-31 00:00:00","__updatedBy":"admin","f110_code":"A/13.1","actual_date":"1900-01-01 00:00:00","__createdBy":"admin","sign":null,"__created":"2020-07-20 14:36:00","ledger_account_mask":"^(40806|40809|40812|40814|40815|40818|40819)","section_number":1,"@fieldTypes":"__updated=t,actual_end_date=t,actual_date=t,__created=t"}
{"@type":"d","@rid":"#31:0","@version":11,"@class":"F110_BalAccountClassifier","__updated":"2020-07-20 14:34:55","actual_end_date":"2050-12-31 00:00:00","__updatedBy":"admin","f110_code":"A/13.1","actual_date":"1900-01-01 00:00:00","__createdBy":"admin","sign":null,"__created":"2020-07-20 14:36:21","ledger_account_mask":"^(40804|40805|40806|40809|40812|40814|40815|40818|40819|40821|421)","section_number":1,"@fieldTypes":"__updated=t,actual_end_date=t,actual_date=t,__created=t"}
{"@type":"d","@rid":"#32:0","@version":15,"@class":"F110_BalAccountClassifier","__updated":"2020-07-20 15:14:52","actual_end_date":"2050-12-31 00:00:00","__updatedBy":"","f110_code":"A/13.3","VALUATION_TYPE":"SETTL","actual_date":"2019-01-01 00:00:00","__createdBy":"","sign":null,"__created":"2020-07-20 15:13:04","ledger_account_mask":"^(45818)|(45820)|(45821)","section_number":1,"@fieldTypes":"__updated=t,actual_end_date=t,actual_date=t,__created=t"}
